,iso,year,rank_eci,name
0,JPN,2003,1,Japan
1,DEU,2003,2,Germany
2,CHE,2003,3,Switzerland
3,KOR,2003,17,South Korea
4,SWE,2003,4,Sweden
5,AUT,2003,6,Austria
6,CZE,2003,9,Czech Republic
7,FIN,2003,5,Finland
8,HUN,2003,18,Hungary
9,GBR,2003,7,United Kingdom
10,SVN,2003,10,Slovenia
11,SVK,2003,15,Slovakia
12,USA,2003,8,United States
13,ITA,2003,14,Italy
14,IRL,2003,12,Ireland
15,FRA,2003,11,France
16,CHN,2003,36,China
17,DNK,2003,13,Denmark
18,BEL,2003,16,Belgium
19,MEX,2003,22,Mexico
20,ISR,2003,26,Israel
21,NLD,2003,19,Netherlands
22,EST,2003,31,Estonia
23,THA,2003,37,Thailand
24,POL,2003,25,Poland
25,MYS,2003,27,Malaysia
26,ROU,2003,38,Romania
27,ESP,2003,21,Spain
28,BLR,2003,20,Belarus
29,HRV,2003,28,Croatia
30,NOR,2003,23,Norway
31,LTU,2003,35,Lithuania
32,LVA,2003,33,Latvia
33,PRT,2003,32,Portugal
34,BIH,2003,41,Bosnia and Herzegovina
35,BGR,2003,39,Bulgaria
36,CAN,2003,24,Canada
37,PHL,2003,63,Philippines
39,TUR,2003,48,Turkey
40,UKR,2003,29,Ukraine
41,IND,2003,44,India
42,GRC,2003,43,Greece
43,TUN,2003,67,Tunisia
44,JOR,2003,57,Jordan
45,NZL,2003,40,New Zealand
46,RUS,2003,30,Russia
47,URY,2003,46,Uruguay
48,SLV,2003,68,El Salvador
49,CRI,2003,60,Costa Rica
50,BRA,2003,34,Brazil
51,ZAF,2003,42,South Africa
52,IDN,2003,55,Indonesia
53,LBN,2003,47,Lebanon
54,VNM,2003,91,Vietnam
55,MDA,2003,62,Moldova
56,MUS,2003,73,Mauritius
57,EGY,2003,70,Egypt
58,GEO,2003,45,Georgia
59,COL,2003,53,Colombia
60,ARG,2003,51,Argentina
61,DOM,2003,75,Dominican Republic
62,ARE,2003,66,United Arab Emirates
63,MKD,2003,71,Macedonia
64,JAM,2003,78,Jamaica
65,CHL,2003,61,Chile
66,GTM,2003,76,Guatemala
67,LKA,2003,89,Sri Lanka
68,OMN,2003,87,Oman
69,KWT,2003,74,Kuwait
70,SAU,2003,49,Saudi Arabia
71,HND,2003,88,Honduras
72,SEN,2003,72,Senegal
73,PRY,2003,99,Paraguay
74,MAR,2003,86,Morocco
75,CUB,2003,79,Cuba
76,KAZ,2003,64,Kazakhstan
77,SYR,2003,92,Syria
78,AUS,2003,54,Australia
79,KHM,2003,102,Cambodia
80,ALB,2003,52,Albania
81,ZMB,2003,104,Zambia
82,KGZ,2003,77,Kyrgyzstan
83,UZB,2003,85,Uzbekistan
84,KEN,2003,84,Kenya
85,CMR,2003,109,Cameroon
86,TTO,2003,56,Trinidad and Tobago
87,PAK,2003,97,Pakistan
88,QAT,2003,58,Qatar
89,PER,2003,82,Peru
90,NAM,2003,50,Namibia
91,BWA,2003,65,Botswana
92,ZWE,2003,69,Zimbabwe
93,NIC,2003,95,Nicaragua
94,UGA,2003,106,Uganda
95,CIV,2003,93,Ivory Coast
96,IRN,2003,100,Iran
97,BGD,2003,116,Bangladesh
98,MDG,2003,110,Madagascar
99,TZA,2003,115,Tanzania
100,TKM,2003,114,Turkmenistan
101,ECU,2003,96,Ecuador
102,VEN,2003,59,Venezuela
103,TJK,2003,98,Tajikistan
104,MOZ,2003,108,Mozambique
105,BOL,2003,80,Bolivia
106,LAO,2003,112,Laos
107,GAB,2003,107,Gabon
108,AZE,2003,83,Azerbaijan
109,ETH,2003,111,Ethiopia
110,DZA,2003,94,Algeria
111,GHA,2003,103,Ghana
112,MNG,2003,101,Mongolia
113,MWI,2003,121,Malawi
114,PNG,2003,117,Papua New Guinea
115,COG,2003,113,Republic of the Congo
116,MLI,2003,105,Mali
117,LBY,2003,81,Libya
118,MRT,2003,90,Mauritania
119,YEM,2003,119,Yemen
120,GIN,2003,122,Guinea
121,NGA,2003,118,Nigeria
122,AGO,2003,120,Angola
123,JPN,2004,1,Japan
124,DEU,2004,2,Germany
125,CHE,2004,4,Switzerland
126,KOR,2004,15,South Korea
127,SWE,2004,3,Sweden
128,AUT,2004,6,Austria
129,CZE,2004,10,Czech Republic
130,FIN,2004,5,Finland
131,HUN,2004,18,Hungary
132,GBR,2004,7,United Kingdom
133,SVN,2004,9,Slovenia
134,SVK,2004,16,Slovakia
135,USA,2004,8,United States
136,ITA,2004,14,Italy
137,IRL,2004,11,Ireland
138,FRA,2004,12,France
139,CHN,2004,33,China
140,DNK,2004,13,Denmark
141,BEL,2004,17,Belgium
142,MEX,2004,21,Mexico
143,ISR,2004,24,Israel
144,NLD,2004,19,Netherlands
145,EST,2004,31,Estonia
146,THA,2004,37,Thailand
147,POL,2004,23,Poland
148,MYS,2004,26,Malaysia
149,ROU,2004,38,Romania
150,ESP,2004,20,Spain
151,BLR,2004,22,Belarus
152,HRV,2004,28,Croatia
153,NOR,2004,25,Norway
154,LTU,2004,40,Lithuania
155,LVA,2004,34,Latvia
156,PRT,2004,32,Portugal
157,BIH,2004,36,Bosnia and Herzegovina
158,BGR,2004,42,Bulgaria
159,CAN,2004,27,Canada
160,PHL,2004,67,Philippines
162,TUR,2004,46,Turkey
163,UKR,2004,30,Ukraine
164,IND,2004,47,India
165,GRC,2004,44,Greece
166,TUN,2004,66,Tunisia
167,JOR,2004,50,Jordan
168,NZL,2004,43,New Zealand
169,RUS,2004,29,Russia
170,URY,2004,49,Uruguay
171,SLV,2004,63,El Salvador
172,CRI,2004,57,Costa Rica
173,BRA,2004,41,Brazil
174,ZAF,2004,45,South Africa
175,IDN,2004,60,Indonesia
176,LBN,2004,48,Lebanon
177,VNM,2004,91,Vietnam
178,MDA,2004,56,Moldova
179,MUS,2004,64,Mauritius
180,EGY,2004,72,Egypt
181,GEO,2004,53,Georgia
182,COL,2004,54,Colombia
183,ARG,2004,52,Argentina
184,DOM,2004,70,Dominican Republic
185,ARE,2004,69,United Arab Emirates
186,MKD,2004,68,Macedonia
187,JAM,2004,74,Jamaica
188,CHL,2004,61,Chile
189,GTM,2004,76,Guatemala
190,LKA,2004,90,Sri Lanka
191,OMN,2004,73,Oman
192,KWT,2004,51,Kuwait
193,SAU,2004,39,Saudi Arabia
194,HND,2004,92,Honduras
195,SEN,2004,71,Senegal
196,PRY,2004,85,Paraguay
197,MAR,2004,84,Morocco
198,CUB,2004,77,Cuba
199,KAZ,2004,65,Kazakhstan
200,SYR,2004,81,Syria
201,AUS,2004,58,Australia
202,KHM,2004,115,Cambodia
203,ALB,2004,62,Albania
204,ZMB,2004,102,Zambia
205,KGZ,2004,78,Kyrgyzstan
206,UZB,2004,87,Uzbekistan
207,KEN,2004,82,Kenya
208,CMR,2004,117,Cameroon
209,TTO,2004,55,Trinidad and Tobago
210,PAK,2004,99,Pakistan
211,QAT,2004,35,Qatar
212,PER,2004,86,Peru
213,NAM,2004,75,Namibia
214,BWA,2004,97,Botswana
215,ZWE,2004,79,Zimbabwe
216,NIC,2004,103,Nicaragua
217,UGA,2004,101,Uganda
218,CIV,2004,98,Ivory Coast
219,IRN,2004,95,Iran
220,BGD,2004,116,Bangladesh
221,MDG,2004,114,Madagascar
222,TZA,2004,110,Tanzania
223,TKM,2004,105,Turkmenistan
224,ECU,2004,106,Ecuador
225,VEN,2004,59,Venezuela
226,TJK,2004,100,Tajikistan
227,MOZ,2004,111,Mozambique
228,BOL,2004,96,Bolivia
229,LAO,2004,109,Laos
230,GAB,2004,83,Gabon
231,AZE,2004,80,Azerbaijan
232,ETH,2004,113,Ethiopia
233,DZA,2004,94,Algeria
234,GHA,2004,93,Ghana
235,MNG,2004,108,Mongolia
236,MWI,2004,118,Malawi
237,PNG,2004,120,Papua New Guinea
238,COG,2004,119,Republic of the Congo
239,MLI,2004,89,Mali
240,LBY,2004,104,Libya
241,MRT,2004,121,Mauritania
242,YEM,2004,112,Yemen
243,GIN,2004,107,Guinea
244,NGA,2004,122,Nigeria
245,AGO,2004,88,Angola
246,JPN,2005,1,Japan
247,DEU,2005,2,Germany
248,CHE,2005,3,Switzerland
249,KOR,2005,9,South Korea
250,SWE,2005,4,Sweden
251,AUT,2005,6,Austria
252,CZE,2005,10,Czech Republic
253,FIN,2005,5,Finland
254,HUN,2005,15,Hungary
255,GBR,2005,7,United Kingdom
256,SVN,2005,12,Slovenia
257,SVK,2005,17,Slovakia
258,USA,2005,8,United States
259,ITA,2005,16,Italy
260,IRL,2005,13,Ireland
261,FRA,2005,11,France
262,CHN,2005,37,China
263,DNK,2005,14,Denmark
264,BEL,2005,18,Belgium
265,MEX,2005,19,Mexico
266,ISR,2005,23,Israel
267,NLD,2005,20,Netherlands
268,EST,2005,28,Estonia
269,THA,2005,39,Thailand
270,POL,2005,24,Poland
271,MYS,2005,27,Malaysia
272,ROU,2005,36,Romania
273,ESP,2005,22,Spain
274,BLR,2005,21,Belarus
275,HRV,2005,26,Croatia
276,NOR,2005,29,Norway
277,LTU,2005,33,Lithuania
278,LVA,2005,31,Latvia
279,PRT,2005,32,Portugal
280,BIH,2005,40,Bosnia and Herzegovina
281,BGR,2005,41,Bulgaria
282,CAN,2005,25,Canada
283,PHL,2005,55,Philippines
285,TUR,2005,43,Turkey
286,UKR,2005,35,Ukraine
287,IND,2005,48,India
288,GRC,2005,46,Greece
289,TUN,2005,61,Tunisia
290,JOR,2005,53,Jordan
291,NZL,2005,42,New Zealand
292,RUS,2005,34,Russia
293,URY,2005,47,Uruguay
294,SLV,2005,73,El Salvador
295,CRI,2005,58,Costa Rica
296,BRA,2005,38,Brazil
297,ZAF,2005,44,South Africa
298,IDN,2005,59,Indonesia
299,LBN,2005,45,Lebanon
300,VNM,2005,88,Vietnam
301,MDA,2005,56,Moldova
302,MUS,2005,68,Mauritius
303,EGY,2005,67,Egypt
304,GEO,2005,52,Georgia
305,COL,2005,57,Colombia
306,ARG,2005,50,Argentina
307,DOM,2005,69,Dominican Republic
308,ARE,2005,74,United Arab Emirates
309,MKD,2005,65,Macedonia
310,JAM,2005,77,Jamaica
311,CHL,2005,64,Chile
312,GTM,2005,79,Guatemala
313,LKA,2005,82,Sri Lanka
314,OMN,2005,66,Oman
315,KWT,2005,49,Kuwait
316,SAU,2005,51,Saudi Arabia
317,HND,2005,97,Honduras
318,SEN,2005,71,Senegal
319,PRY,2005,87,Paraguay
320,MAR,2005,81,Morocco
321,CUB,2005,76,Cuba
322,KAZ,2005,70,Kazakhstan
323,SYR,2005,91,Syria
324,AUS,2005,63,Australia
325,KHM,2005,113,Cambodia
326,ALB,2005,72,Albania
327,ZMB,2005,106,Zambia
328,KGZ,2005,80,Kyrgyzstan
329,UZB,2005,85,Uzbekistan
330,KEN,2005,84,Kenya
331,CMR,2005,114,Cameroon
332,TTO,2005,60,Trinidad and Tobago
333,PAK,2005,92,Pakistan
334,QAT,2005,62,Qatar
335,PER,2005,78,Peru
336,NAM,2005,75,Namibia
337,BWA,2005,93,Botswana
338,ZWE,2005,83,Zimbabwe
339,NIC,2005,101,Nicaragua
340,UGA,2005,104,Uganda
341,CIV,2005,98,Ivory Coast
342,IRN,2005,86,Iran
343,BGD,2005,110,Bangladesh
344,MDG,2005,103,Madagascar
345,TZA,2005,109,Tanzania
346,TKM,2005,108,Turkmenistan
347,ECU,2005,102,Ecuador
348,VEN,2005,54,Venezuela
349,TJK,2005,95,Tajikistan
350,MOZ,2005,118,Mozambique
351,BOL,2005,94,Bolivia
352,LAO,2005,105,Laos
353,GAB,2005,112,Gabon
354,AZE,2005,99,Azerbaijan
355,ETH,2005,111,Ethiopia
356,DZA,2005,90,Algeria
357,GHA,2005,100,Ghana
358,MNG,2005,96,Mongolia
359,MWI,2005,116,Malawi
360,PNG,2005,121,Papua New Guinea
361,COG,2005,117,Republic of the Congo
362,MLI,2005,107,Mali
363,LBY,2005,89,Libya
364,MRT,2005,119,Mauritania
365,YEM,2005,115,Yemen
366,GIN,2005,120,Guinea
367,NGA,2005,123,Nigeria
368,AGO,2005,122,Angola
369,JPN,2006,1,Japan
370,DEU,2006,2,Germany
371,CHE,2006,4,Switzerland
372,KOR,2006,10,South Korea
373,SWE,2006,3,Sweden
374,AUT,2006,6,Austria
375,CZE,2006,8,Czech Republic
376,FIN,2006,5,Finland
377,HUN,2006,15,Hungary
378,GBR,2006,7,United Kingdom
379,SVN,2006,11,Slovenia
380,SVK,2006,16,Slovakia
381,USA,2006,9,United States
382,ITA,2006,17,Italy
383,IRL,2006,13,Ireland
384,FRA,2006,12,France
385,CHN,2006,34,China
386,DNK,2006,14,Denmark
387,BEL,2006,18,Belgium
388,MEX,2006,19,Mexico
389,ISR,2006,24,Israel
390,NLD,2006,20,Netherlands
391,EST,2006,29,Estonia
392,THA,2006,39,Thailand
393,POL,2006,23,Poland
394,MYS,2006,28,Malaysia
395,ROU,2006,30,Romania
396,ESP,2006,22,Spain
397,BLR,2006,21,Belarus
398,HRV,2006,27,Croatia
399,NOR,2006,26,Norway
400,LTU,2006,32,Lithuania
401,LVA,2006,33,Latvia
402,PRT,2006,37,Portugal
403,BIH,2006,38,Bosnia and Herzegovina
404,BGR,2006,40,Bulgaria
405,CAN,2006,25,Canada
406,PHL,2006,45,Philippines
408,TUR,2006,43,Turkey
409,UKR,2006,35,Ukraine
410,IND,2006,49,India
411,GRC,2006,47,Greece
412,TUN,2006,56,Tunisia
413,JOR,2006,48,Jordan
414,NZL,2006,42,New Zealand
415,RUS,2006,31,Russia
416,URY,2006,51,Uruguay
417,SLV,2006,66,El Salvador
418,CRI,2006,55,Costa Rica
419,BRA,2006,41,Brazil
420,ZAF,2006,44,South Africa
421,IDN,2006,54,Indonesia
422,LBN,2006,46,Lebanon
423,VNM,2006,80,Vietnam
424,MDA,2006,57,Moldova
425,MUS,2006,74,Mauritius
426,EGY,2006,69,Egypt
427,GEO,2006,52,Georgia
428,COL,2006,50,Colombia
429,ARG,2006,53,Argentina
430,DOM,2006,65,Dominican Republic
431,ARE,2006,70,United Arab Emirates
432,MKD,2006,63,Macedonia
433,JAM,2006,64,Jamaica
434,CHL,2006,61,Chile
435,GTM,2006,68,Guatemala
436,LKA,2006,84,Sri Lanka
437,OMN,2006,72,Oman
438,KWT,2006,82,Kuwait
439,SAU,2006,60,Saudi Arabia
440,HND,2006,89,Honduras
441,SEN,2006,75,Senegal
442,PRY,2006,85,Paraguay
443,MAR,2006,81,Morocco
444,CUB,2006,76,Cuba
445,KAZ,2006,67,Kazakhstan
446,SYR,2006,88,Syria
447,AUS,2006,58,Australia
448,KHM,2006,109,Cambodia
449,ALB,2006,79,Albania
450,ZMB,2006,108,Zambia
451,KGZ,2006,71,Kyrgyzstan
452,UZB,2006,87,Uzbekistan
453,KEN,2006,78,Kenya
454,CMR,2006,119,Cameroon
455,TTO,2006,59,Trinidad and Tobago
456,PAK,2006,92,Pakistan
457,QAT,2006,62,Qatar
458,PER,2006,90,Peru
459,NAM,2006,83,Namibia
460,BWA,2006,98,Botswana
461,ZWE,2006,77,Zimbabwe
462,NIC,2006,97,Nicaragua
463,UGA,2006,94,Uganda
464,CIV,2006,106,Ivory Coast
465,IRN,2006,86,Iran
466,BGD,2006,113,Bangladesh
467,MDG,2006,105,Madagascar
468,TZA,2006,103,Tanzania
469,TKM,2006,115,Turkmenistan
470,ECU,2006,95,Ecuador
471,VEN,2006,73,Venezuela
472,TJK,2006,112,Tajikistan
473,MOZ,2006,104,Mozambique
474,BOL,2006,96,Bolivia
475,LAO,2006,107,Laos
476,GAB,2006,100,Gabon
477,AZE,2006,99,Azerbaijan
478,ETH,2006,114,Ethiopia
479,DZA,2006,91,Algeria
480,GHA,2006,101,Ghana
481,MNG,2006,102,Mongolia
482,MWI,2006,110,Malawi
483,PNG,2006,120,Papua New Guinea
484,COG,2006,118,Republic of the Congo
485,MLI,2006,111,Mali
486,LBY,2006,93,Libya
487,MRT,2006,121,Mauritania
488,YEM,2006,116,Yemen
489,GIN,2006,117,Guinea
490,NGA,2006,123,Nigeria
491,AGO,2006,122,Angola
492,JPN,2007,1,Japan
493,DEU,2007,2,Germany
494,CHE,2007,3,Switzerland
495,KOR,2007,9,South Korea
496,SWE,2007,4,Sweden
497,AUT,2007,6,Austria
498,CZE,2007,8,Czech Republic
499,FIN,2007,5,Finland
500,HUN,2007,12,Hungary
501,GBR,2007,7,United Kingdom
502,SVN,2007,11,Slovenia
503,SVK,2007,14,Slovakia
504,USA,2007,10,United States
505,ITA,2007,15,Italy
506,IRL,2007,19,Ireland
507,FRA,2007,13,France
508,CHN,2007,30,China
509,DNK,2007,16,Denmark
510,BEL,2007,17,Belgium
511,MEX,2007,18,Mexico
512,ISR,2007,24,Israel
513,NLD,2007,22,Netherlands
514,EST,2007,28,Estonia
515,THA,2007,33,Thailand
516,POL,2007,21,Poland
517,MYS,2007,36,Malaysia
518,ROU,2007,26,Romania
519,ESP,2007,23,Spain
520,BLR,2007,20,Belarus
521,HRV,2007,25,Croatia
522,NOR,2007,27,Norway
523,LTU,2007,35,Lithuania
524,LVA,2007,31,Latvia
525,PRT,2007,34,Portugal
526,BIH,2007,38,Bosnia and Herzegovina
527,BGR,2007,39,Bulgaria
528,CAN,2007,32,Canada
529,PHL,2007,51,Philippines
531,TUR,2007,43,Turkey
532,UKR,2007,37,Ukraine
533,IND,2007,47,India
534,GRC,2007,46,Greece
535,TUN,2007,50,Tunisia
536,JOR,2007,45,Jordan
537,NZL,2007,44,New Zealand
538,RUS,2007,42,Russia
539,URY,2007,52,Uruguay
540,SLV,2007,63,El Salvador
541,CRI,2007,55,Costa Rica
542,BRA,2007,40,Brazil
543,ZAF,2007,49,South Africa
544,IDN,2007,56,Indonesia
545,LBN,2007,41,Lebanon
546,VNM,2007,74,Vietnam
547,MDA,2007,48,Moldova
548,MUS,2007,73,Mauritius
549,EGY,2007,65,Egypt
550,GEO,2007,60,Georgia
551,COL,2007,53,Colombia
552,ARG,2007,54,Argentina
553,DOM,2007,57,Dominican Republic
554,ARE,2007,70,United Arab Emirates
555,MKD,2007,59,Macedonia
556,JAM,2007,79,Jamaica
557,CHL,2007,62,Chile
558,GTM,2007,66,Guatemala
559,LKA,2007,80,Sri Lanka
560,OMN,2007,85,Oman
561,KWT,2007,61,Kuwait
562,SAU,2007,69,Saudi Arabia
563,HND,2007,93,Honduras
564,SEN,2007,71,Senegal
565,PRY,2007,84,Paraguay
566,MAR,2007,83,Morocco
567,CUB,2007,75,Cuba
568,KAZ,2007,77,Kazakhstan
569,SYR,2007,76,Syria
570,AUS,2007,64,Australia
571,KHM,2007,104,Cambodia
572,ALB,2007,67,Albania
573,ZMB,2007,89,Zambia
574,KGZ,2007,58,Kyrgyzstan
575,UZB,2007,81,Uzbekistan
576,KEN,2007,86,Kenya
577,CMR,2007,95,Cameroon
578,TTO,2007,68,Trinidad and Tobago
579,PAK,2007,92,Pakistan
580,QAT,2007,72,Qatar
581,PER,2007,87,Peru
582,NAM,2007,78,Namibia
583,BWA,2007,90,Botswana
584,ZWE,2007,82,Zimbabwe
585,NIC,2007,100,Nicaragua
586,UGA,2007,94,Uganda
587,CIV,2007,107,Ivory Coast
588,IRN,2007,98,Iran
589,BGD,2007,105,Bangladesh
590,MDG,2007,102,Madagascar
591,TZA,2007,101,Tanzania
592,TKM,2007,111,Turkmenistan
593,ECU,2007,99,Ecuador
594,VEN,2007,91,Venezuela
595,TJK,2007,108,Tajikistan
596,MOZ,2007,113,Mozambique
597,BOL,2007,103,Bolivia
598,LAO,2007,97,Laos
599,GAB,2007,88,Gabon
600,AZE,2007,112,Azerbaijan
601,ETH,2007,109,Ethiopia
602,DZA,2007,117,Algeria
603,GHA,2007,96,Ghana
604,MNG,2007,106,Mongolia
605,MWI,2007,114,Malawi
606,PNG,2007,122,Papua New Guinea
607,COG,2007,119,Republic of the Congo
608,MLI,2007,110,Mali
609,LBY,2007,116,Libya
610,MRT,2007,121,Mauritania
611,YEM,2007,115,Yemen
612,GIN,2007,118,Guinea
613,NGA,2007,120,Nigeria
614,AGO,2007,123,Angola
615,JPN,2008,1,Japan
616,DEU,2008,2,Germany
617,CHE,2008,3,Switzerland
618,KOR,2008,9,South Korea
619,SWE,2008,4,Sweden
620,AUT,2008,5,Austria
621,CZE,2008,8,Czech Republic
622,FIN,2008,6,Finland
623,HUN,2008,14,Hungary
624,GBR,2008,7,United Kingdom
625,SVN,2008,13,Slovenia
626,SVK,2008,15,Slovakia
627,USA,2008,12,United States
628,ITA,2008,16,Italy
629,IRL,2008,10,Ireland
630,FRA,2008,11,France
631,CHN,2008,25,China
632,DNK,2008,17,Denmark
633,BEL,2008,18,Belgium
634,MEX,2008,19,Mexico
635,ISR,2008,24,Israel
636,NLD,2008,22,Netherlands
637,EST,2008,28,Estonia
638,THA,2008,29,Thailand
639,POL,2008,20,Poland
640,MYS,2008,33,Malaysia
641,ROU,2008,27,Romania
642,ESP,2008,23,Spain
643,BLR,2008,21,Belarus
644,HRV,2008,26,Croatia
645,NOR,2008,37,Norway
646,LTU,2008,31,Lithuania
647,LVA,2008,35,Latvia
648,PRT,2008,30,Portugal
649,BIH,2008,32,Bosnia and Herzegovina
650,BGR,2008,38,Bulgaria
651,CAN,2008,36,Canada
652,PHL,2008,46,Philippines
654,TUR,2008,40,Turkey
655,UKR,2008,39,Ukraine
656,IND,2008,48,India
657,GRC,2008,45,Greece
658,TUN,2008,56,Tunisia
659,JOR,2008,47,Jordan
660,NZL,2008,44,New Zealand
661,RUS,2008,43,Russia
662,URY,2008,53,Uruguay
663,SLV,2008,57,El Salvador
664,CRI,2008,55,Costa Rica
665,BRA,2008,50,Brazil
666,ZAF,2008,52,South Africa
667,IDN,2008,62,Indonesia
668,LBN,2008,42,Lebanon
669,VNM,2008,66,Vietnam
670,MDA,2008,51,Moldova
671,MUS,2008,76,Mauritius
672,EGY,2008,60,Egypt
673,GEO,2008,72,Georgia
674,COL,2008,49,Colombia
675,ARG,2008,54,Argentina
676,DOM,2008,64,Dominican Republic
677,ARE,2008,59,United Arab Emirates
678,MKD,2008,58,Macedonia
679,JAM,2008,63,Jamaica
680,CHL,2008,70,Chile
681,GTM,2008,68,Guatemala
682,LKA,2008,71,Sri Lanka
683,OMN,2008,83,Oman
684,KWT,2008,99,Kuwait
685,SAU,2008,100,Saudi Arabia
686,HND,2008,89,Honduras
687,SEN,2008,79,Senegal
688,PRY,2008,82,Paraguay
689,MAR,2008,84,Morocco
690,CUB,2008,74,Cuba
691,KAZ,2008,80,Kazakhstan
692,SYR,2008,65,Syria
693,AUS,2008,73,Australia
694,KHM,2008,96,Cambodia
695,ALB,2008,41,Albania
696,ZMB,2008,105,Zambia
697,KGZ,2008,67,Kyrgyzstan
698,UZB,2008,85,Uzbekistan
699,KEN,2008,75,Kenya
700,CMR,2008,104,Cameroon
701,TTO,2008,78,Trinidad and Tobago
702,PAK,2008,86,Pakistan
703,QAT,2008,91,Qatar
704,PER,2008,81,Peru
705,NAM,2008,69,Namibia
706,BWA,2008,61,Botswana
707,ZWE,2008,77,Zimbabwe
708,NIC,2008,88,Nicaragua
709,UGA,2008,87,Uganda
710,CIV,2008,109,Ivory Coast
711,IRN,2008,112,Iran
712,BGD,2008,101,Bangladesh
713,MDG,2008,94,Madagascar
714,TZA,2008,90,Tanzania
715,TKM,2008,116,Turkmenistan
716,ECU,2008,93,Ecuador
717,VEN,2008,98,Venezuela
718,TJK,2008,108,Tajikistan
719,MOZ,2008,114,Mozambique
720,BOL,2008,92,Bolivia
721,LAO,2008,95,Laos
722,GAB,2008,97,Gabon
723,AZE,2008,111,Azerbaijan
724,ETH,2008,103,Ethiopia
725,DZA,2008,113,Algeria
726,GHA,2008,102,Ghana
727,MNG,2008,110,Mongolia
728,MWI,2008,106,Malawi
729,PNG,2008,119,Papua New Guinea
730,COG,2008,117,Republic of the Congo
731,MLI,2008,107,Mali
732,LBY,2008,120,Libya
733,MRT,2008,122,Mauritania
734,YEM,2008,115,Yemen
735,GIN,2008,118,Guinea
736,NGA,2008,123,Nigeria
737,AGO,2008,121,Angola
738,JPN,2009,1,Japan
739,DEU,2009,2,Germany
740,CHE,2009,3,Switzerland
741,KOR,2009,9,South Korea
742,SWE,2009,4,Sweden
743,AUT,2009,6,Austria
744,CZE,2009,7,Czech Republic
745,FIN,2009,5,Finland
746,HUN,2009,12,Hungary
747,GBR,2009,11,United Kingdom
748,SVN,2009,10,Slovenia
749,SVK,2009,8,Slovakia
750,USA,2009,14,United States
751,ITA,2009,15,Italy
752,IRL,2009,17,Ireland
753,FRA,2009,13,France
754,CHN,2009,28,China
755,DNK,2009,16,Denmark
756,BEL,2009,18,Belgium
757,MEX,2009,24,Mexico
758,ISR,2009,25,Israel
759,NLD,2009,22,Netherlands
760,EST,2009,29,Estonia
761,THA,2009,33,Thailand
762,POL,2009,19,Poland
763,MYS,2009,40,Malaysia
764,ROU,2009,26,Romania
765,ESP,2009,21,Spain
766,BLR,2009,20,Belarus
767,HRV,2009,23,Croatia
768,NOR,2009,27,Norway
769,LTU,2009,36,Lithuania
770,LVA,2009,31,Latvia
771,PRT,2009,35,Portugal
772,BIH,2009,32,Bosnia and Herzegovina
773,BGR,2009,39,Bulgaria
774,CAN,2009,30,Canada
775,PHL,2009,53,Philippines
777,TUR,2009,42,Turkey
778,UKR,2009,37,Ukraine
779,IND,2009,51,India
780,GRC,2009,46,Greece
781,TUN,2009,50,Tunisia
782,JOR,2009,43,Jordan
783,NZL,2009,52,New Zealand
784,RUS,2009,45,Russia
785,URY,2009,49,Uruguay
786,SLV,2009,62,El Salvador
787,CRI,2009,58,Costa Rica
788,BRA,2009,47,Brazil
789,ZAF,2009,56,South Africa
790,IDN,2009,78,Indonesia
791,LBN,2009,41,Lebanon
792,VNM,2009,72,Vietnam
793,MDA,2009,48,Moldova
794,MUS,2009,61,Mauritius
795,EGY,2009,68,Egypt
796,GEO,2009,65,Georgia
797,COL,2009,44,Colombia
798,ARG,2009,55,Argentina
799,DOM,2009,76,Dominican Republic
800,ARE,2009,57,United Arab Emirates
801,MKD,2009,64,Macedonia
802,JAM,2009,60,Jamaica
803,CHL,2009,70,Chile
804,GTM,2009,81,Guatemala
805,LKA,2009,82,Sri Lanka
806,OMN,2009,67,Oman
807,KWT,2009,77,Kuwait
808,SAU,2009,59,Saudi Arabia
809,HND,2009,92,Honduras
810,SEN,2009,85,Senegal
811,PRY,2009,84,Paraguay
812,MAR,2009,83,Morocco
813,CUB,2009,75,Cuba
814,KAZ,2009,90,Kazakhstan
815,SYR,2009,69,Syria
816,AUS,2009,79,Australia
817,KHM,2009,101,Cambodia
818,ALB,2009,38,Albania
819,ZMB,2009,102,Zambia
820,KGZ,2009,73,Kyrgyzstan
821,UZB,2009,86,Uzbekistan
822,KEN,2009,71,Kenya
823,CMR,2009,103,Cameroon
824,TTO,2009,66,Trinidad and Tobago
825,PAK,2009,87,Pakistan
826,QAT,2009,80,Qatar
827,PER,2009,89,Peru
828,NAM,2009,63,Namibia
829,BWA,2009,54,Botswana
830,ZWE,2009,91,Zimbabwe
831,NIC,2009,95,Nicaragua
832,UGA,2009,88,Uganda
833,CIV,2009,108,Ivory Coast
834,IRN,2009,111,Iran
835,BGD,2009,106,Bangladesh
836,MDG,2009,94,Madagascar
837,TZA,2009,97,Tanzania
838,TKM,2009,109,Turkmenistan
839,ECU,2009,96,Ecuador
840,VEN,2009,74,Venezuela
841,TJK,2009,113,Tajikistan
842,MOZ,2009,114,Mozambique
843,BOL,2009,104,Bolivia
844,LAO,2009,105,Laos
845,GAB,2009,112,Gabon
846,AZE,2009,117,Azerbaijan
847,ETH,2009,98,Ethiopia
848,DZA,2009,99,Algeria
849,GHA,2009,110,Ghana
850,MNG,2009,93,Mongolia
851,MWI,2009,119,Malawi
852,PNG,2009,122,Papua New Guinea
853,COG,2009,116,Republic of the Congo
854,MLI,2009,100,Mali
855,LBY,2009,115,Libya
856,MRT,2009,120,Mauritania
857,YEM,2009,107,Yemen
858,GIN,2009,121,Guinea
859,NGA,2009,118,Nigeria
860,AGO,2009,123,Angola
861,JPN,2010,1,Japan
862,DEU,2010,3,Germany
863,CHE,2010,2,Switzerland
864,KOR,2010,8,South Korea
865,SWE,2010,5,Sweden
866,AUT,2010,4,Austria
867,CZE,2010,6,Czech Republic
868,FIN,2010,7,Finland
869,HUN,2010,11,Hungary
870,GBR,2010,9,United Kingdom
871,SVN,2010,12,Slovenia
872,SVK,2010,13,Slovakia
873,USA,2010,10,United States
874,ITA,2010,15,Italy
875,IRL,2010,16,Ireland
876,FRA,2010,14,France
877,CHN,2010,25,China
878,DNK,2010,17,Denmark
879,BEL,2010,19,Belgium
880,MEX,2010,22,Mexico
881,ISR,2010,18,Israel
882,NLD,2010,23,Netherlands
883,EST,2010,29,Estonia
884,THA,2010,30,Thailand
885,POL,2010,20,Poland
886,MYS,2010,35,Malaysia
887,ROU,2010,28,Romania
888,ESP,2010,24,Spain
889,BLR,2010,21,Belarus
890,HRV,2010,26,Croatia
891,NOR,2010,34,Norway
892,LTU,2010,27,Lithuania
893,LVA,2010,31,Latvia
894,PRT,2010,32,Portugal
895,BIH,2010,36,Bosnia and Herzegovina
896,BGR,2010,38,Bulgaria
897,CAN,2010,33,Canada
898,PHL,2010,44,Philippines
900,TUR,2010,40,Turkey
901,UKR,2010,39,Ukraine
902,IND,2010,54,India
903,GRC,2010,45,Greece
904,TUN,2010,51,Tunisia
905,JOR,2010,43,Jordan
906,NZL,2010,46,New Zealand
907,RUS,2010,42,Russia
908,URY,2010,48,Uruguay
909,SLV,2010,58,El Salvador
910,CRI,2010,53,Costa Rica
911,BRA,2010,47,Brazil
912,ZAF,2010,55,South Africa
913,IDN,2010,68,Indonesia
914,LBN,2010,41,Lebanon
915,VNM,2010,72,Vietnam
916,MDA,2010,52,Moldova
917,MUS,2010,59,Mauritius
918,EGY,2010,69,Egypt
919,GEO,2010,65,Georgia
920,COL,2010,49,Colombia
921,ARG,2010,57,Argentina
922,DOM,2010,71,Dominican Republic
923,ARE,2010,56,United Arab Emirates
924,MKD,2010,63,Macedonia
925,JAM,2010,60,Jamaica
926,CHL,2010,64,Chile
927,GTM,2010,76,Guatemala
928,LKA,2010,86,Sri Lanka
929,OMN,2010,73,Oman
930,KWT,2010,62,Kuwait
931,SAU,2010,50,Saudi Arabia
932,HND,2010,92,Honduras
933,SEN,2010,84,Senegal
934,PRY,2010,89,Paraguay
935,MAR,2010,81,Morocco
936,CUB,2010,80,Cuba
937,KAZ,2010,87,Kazakhstan
938,SYR,2010,67,Syria
939,AUS,2010,74,Australia
940,KHM,2010,106,Cambodia
941,ALB,2010,79,Albania
942,ZMB,2010,96,Zambia
943,KGZ,2010,82,Kyrgyzstan
944,UZB,2010,85,Uzbekistan
945,KEN,2010,75,Kenya
946,CMR,2010,99,Cameroon
947,TTO,2010,66,Trinidad and Tobago
948,PAK,2010,95,Pakistan
949,QAT,2010,61,Qatar
950,PER,2010,91,Peru
951,NAM,2010,70,Namibia
952,BWA,2010,78,Botswana
953,ZWE,2010,98,Zimbabwe
954,NIC,2010,105,Nicaragua
955,UGA,2010,88,Uganda
956,CIV,2010,107,Ivory Coast
957,IRN,2010,77,Iran
958,BGD,2010,109,Bangladesh
959,MDG,2010,90,Madagascar
960,TZA,2010,101,Tanzania
961,TKM,2010,102,Turkmenistan
962,ECU,2010,94,Ecuador
963,VEN,2010,83,Venezuela
964,TJK,2010,112,Tajikistan
965,MOZ,2010,120,Mozambique
966,BOL,2010,97,Bolivia
967,LAO,2010,108,Laos
968,GAB,2010,103,Gabon
969,AZE,2010,117,Azerbaijan
970,ETH,2010,100,Ethiopia
971,DZA,2010,104,Algeria
972,GHA,2010,93,Ghana
973,MNG,2010,111,Mongolia
974,MWI,2010,114,Malawi
975,PNG,2010,118,Papua New Guinea
976,COG,2010,113,Republic of the Congo
977,MLI,2010,116,Mali
978,LBY,2010,110,Libya
979,MRT,2010,122,Mauritania
980,YEM,2010,115,Yemen
981,GIN,2010,119,Guinea
982,NGA,2010,121,Nigeria
983,AGO,2010,123,Angola
984,JPN,2011,1,Japan
985,DEU,2011,3,Germany
986,CHE,2011,2,Switzerland
987,KOR,2011,8,South Korea
988,SWE,2011,4,Sweden
989,AUT,2011,5,Austria
990,CZE,2011,6,Czech Republic
991,FIN,2011,7,Finland
992,HUN,2011,9,Hungary
993,GBR,2011,10,United Kingdom
994,SVN,2011,11,Slovenia
995,SVK,2011,13,Slovakia
996,USA,2011,12,United States
997,ITA,2011,16,Italy
998,IRL,2011,15,Ireland
999,FRA,2011,14,France
1000,CHN,2011,24,China
1001,DNK,2011,17,Denmark
1002,BEL,2011,20,Belgium
1003,MEX,2011,23,Mexico
1004,ISR,2011,19,Israel
1005,NLD,2011,22,Netherlands
1006,EST,2011,29,Estonia
1007,THA,2011,27,Thailand
1008,POL,2011,18,Poland
1009,MYS,2011,31,Malaysia
1010,ROU,2011,30,Romania
1011,ESP,2011,25,Spain
1012,BLR,2011,21,Belarus
1013,HRV,2011,26,Croatia
1014,NOR,2011,38,Norway
1015,LTU,2011,28,Lithuania
1016,LVA,2011,32,Latvia
1017,PRT,2011,35,Portugal
1018,BIH,2011,33,Bosnia and Herzegovina
1019,BGR,2011,37,Bulgaria
1020,CAN,2011,36,Canada
1021,PHL,2011,41,Philippines
1023,TUR,2011,40,Turkey
1024,UKR,2011,39,Ukraine
1025,IND,2011,47,India
1026,GRC,2011,46,Greece
1027,TUN,2011,45,Tunisia
1028,JOR,2011,49,Jordan
1029,NZL,2011,44,New Zealand
1030,RUS,2011,43,Russia
1031,URY,2011,50,Uruguay
1032,SLV,2011,60,El Salvador
1033,CRI,2011,48,Costa Rica
1034,BRA,2011,52,Brazil
1035,ZAF,2011,57,South Africa
1036,IDN,2011,63,Indonesia
1037,LBN,2011,42,Lebanon
1038,VNM,2011,64,Vietnam
1039,MDA,2011,53,Moldova
1040,MUS,2011,65,Mauritius
1041,EGY,2011,66,Egypt
1042,GEO,2011,55,Georgia
1043,COL,2011,56,Colombia
1044,ARG,2011,58,Argentina
1045,DOM,2011,68,Dominican Republic
1046,ARE,2011,51,United Arab Emirates
1047,MKD,2011,62,Macedonia
1048,JAM,2011,61,Jamaica
1049,CHL,2011,59,Chile
1050,GTM,2011,69,Guatemala
1051,LKA,2011,76,Sri Lanka
1052,OMN,2011,86,Oman
1053,KWT,2011,73,Kuwait
1054,SAU,2011,54,Saudi Arabia
1055,HND,2011,87,Honduras
1056,SEN,2011,89,Senegal
1057,PRY,2011,80,Paraguay
1058,MAR,2011,81,Morocco
1059,CUB,2011,74,Cuba
1060,KAZ,2011,85,Kazakhstan
1061,SYR,2011,70,Syria
1062,AUS,2011,79,Australia
1063,KHM,2011,103,Cambodia
1064,ALB,2011,77,Albania
1065,ZMB,2011,96,Zambia
1066,KGZ,2011,75,Kyrgyzstan
1067,UZB,2011,88,Uzbekistan
1068,KEN,2011,72,Kenya
1069,CMR,2011,82,Cameroon
1070,TTO,2011,78,Trinidad and Tobago
1071,PAK,2011,99,Pakistan
1072,QAT,2011,67,Qatar
1073,PER,2011,92,Peru
1074,NAM,2011,71,Namibia
1075,BWA,2011,84,Botswana
1076,ZWE,2011,100,Zimbabwe
1077,NIC,2011,98,Nicaragua
1078,UGA,2011,83,Uganda
1079,CIV,2011,111,Ivory Coast
1080,IRN,2011,93,Iran
1081,BGD,2011,105,Bangladesh
1082,MDG,2011,97,Madagascar
1083,TZA,2011,101,Tanzania
1084,TKM,2011,117,Turkmenistan
1085,ECU,2011,90,Ecuador
1086,VEN,2011,91,Venezuela
1087,TJK,2011,107,Tajikistan
1088,MOZ,2011,118,Mozambique
1089,BOL,2011,102,Bolivia
1090,LAO,2011,108,Laos
1091,GAB,2011,113,Gabon
1092,AZE,2011,116,Azerbaijan
1093,ETH,2011,112,Ethiopia
1094,DZA,2011,94,Algeria
1095,GHA,2011,95,Ghana
1096,MNG,2011,104,Mongolia
1097,MWI,2011,114,Malawi
1098,PNG,2011,109,Papua New Guinea
1099,COG,2011,119,Republic of the Congo
1100,MLI,2011,110,Mali
1101,LBY,2011,115,Libya
1102,MRT,2011,121,Mauritania
1103,YEM,2011,106,Yemen
1104,GIN,2011,120,Guinea
1105,NGA,2011,123,Nigeria
1106,AGO,2011,122,Angola
1107,JPN,2012,1,Japan
1108,DEU,2012,3,Germany
1109,CHE,2012,2,Switzerland
1110,KOR,2012,4,South Korea
1111,SWE,2012,5,Sweden
1112,AUT,2012,7,Austria
1113,CZE,2012,6,Czech Republic
1114,FIN,2012,8,Finland
1115,HUN,2012,9,Hungary
1116,GBR,2012,11,United Kingdom
1117,SVN,2012,13,Slovenia
1118,SVK,2012,12,Slovakia
1119,USA,2012,10,United States
1120,ITA,2012,15,Italy
1121,IRL,2012,18,Ireland
1122,FRA,2012,14,France
1123,CHN,2012,21,China
1124,DNK,2012,16,Denmark
1125,BEL,2012,20,Belgium
1126,MEX,2012,22,Mexico
1127,ISR,2012,17,Israel
1128,NLD,2012,24,Netherlands
1129,EST,2012,30,Estonia
1130,THA,2012,26,Thailand
1131,POL,2012,23,Poland
1132,MYS,2012,29,Malaysia
1133,ROU,2012,27,Romania
1134,ESP,2012,25,Spain
1135,BLR,2012,19,Belarus
1136,HRV,2012,28,Croatia
1137,NOR,2012,42,Norway
1138,LTU,2012,31,Lithuania
1139,LVA,2012,32,Latvia
1140,PRT,2012,33,Portugal
1141,BIH,2012,37,Bosnia and Herzegovina
1142,BGR,2012,34,Bulgaria
1143,CAN,2012,36,Canada
1144,PHL,2012,41,Philippines
1146,TUR,2012,39,Turkey
1147,UKR,2012,38,Ukraine
1148,IND,2012,43,India
1149,GRC,2012,44,Greece
1150,TUN,2012,40,Tunisia
1151,JOR,2012,45,Jordan
1152,NZL,2012,48,New Zealand
1153,RUS,2012,50,Russia
1154,URY,2012,58,Uruguay
1155,SLV,2012,53,El Salvador
1156,CRI,2012,46,Costa Rica
1157,BRA,2012,51,Brazil
1158,ZAF,2012,56,South Africa
1159,IDN,2012,59,Indonesia
1160,LBN,2012,47,Lebanon
1161,VNM,2012,62,Vietnam
1162,MDA,2012,49,Moldova
1163,MUS,2012,61,Mauritius
1164,EGY,2012,65,Egypt
1165,GEO,2012,68,Georgia
1166,COL,2012,60,Colombia
1167,ARG,2012,57,Argentina
1168,DOM,2012,70,Dominican Republic
1169,ARE,2012,67,United Arab Emirates
1170,MKD,2012,63,Macedonia
1171,JAM,2012,69,Jamaica
1172,CHL,2012,64,Chile
1173,GTM,2012,72,Guatemala
1174,LKA,2012,74,Sri Lanka
1175,OMN,2012,78,Oman
1176,KWT,2012,99,Kuwait
1177,SAU,2012,71,Saudi Arabia
1178,HND,2012,82,Honduras
1179,SEN,2012,75,Senegal
1180,PRY,2012,89,Paraguay
1181,MAR,2012,79,Morocco
1182,CUB,2012,52,Cuba
1183,KAZ,2012,87,Kazakhstan
1184,SYR,2012,55,Syria
1185,AUS,2012,83,Australia
1186,KHM,2012,92,Cambodia
1187,ALB,2012,76,Albania
1188,ZMB,2012,86,Zambia
1189,KGZ,2012,54,Kyrgyzstan
1190,UZB,2012,85,Uzbekistan
1191,KEN,2012,73,Kenya
1192,CMR,2012,98,Cameroon
1193,TTO,2012,77,Trinidad and Tobago
1194,PAK,2012,90,Pakistan
1195,QAT,2012,66,Qatar
1196,PER,2012,93,Peru
1197,NAM,2012,80,Namibia
1198,BWA,2012,84,Botswana
1199,ZWE,2012,101,Zimbabwe
1200,NIC,2012,91,Nicaragua
1201,UGA,2012,81,Uganda
1202,CIV,2012,102,Ivory Coast
1203,IRN,2012,108,Iran
1204,BGD,2012,96,Bangladesh
1205,MDG,2012,100,Madagascar
1206,TZA,2012,88,Tanzania
1207,TKM,2012,116,Turkmenistan
1208,ECU,2012,94,Ecuador
1209,VEN,2012,111,Venezuela
1210,TJK,2012,112,Tajikistan
1211,MOZ,2012,113,Mozambique
1212,BOL,2012,97,Bolivia
1213,LAO,2012,104,Laos
1214,GAB,2012,118,Gabon
1215,AZE,2012,115,Azerbaijan
1216,ETH,2012,103,Ethiopia
1217,DZA,2012,120,Algeria
1218,GHA,2012,106,Ghana
1219,MNG,2012,114,Mongolia
1220,MWI,2012,110,Malawi
1221,PNG,2012,107,Papua New Guinea
1222,COG,2012,109,Republic of the Congo
1223,MLI,2012,95,Mali
1224,LBY,2012,123,Libya
1225,MRT,2012,119,Mauritania
1226,YEM,2012,105,Yemen
1227,GIN,2012,121,Guinea
1228,NGA,2012,117,Nigeria
1229,AGO,2012,122,Angola
1230,JPN,2013,1,Japan
1231,DEU,2013,2,Germany
1232,CHE,2013,3,Switzerland
1233,KOR,2013,4,South Korea
1234,SWE,2013,5,Sweden
1235,AUT,2013,6,Austria
1236,CZE,2013,7,Czech Republic
1237,FIN,2013,8,Finland
1238,HUN,2013,12,Hungary
1239,GBR,2013,10,United Kingdom
1240,SVN,2013,11,Slovenia
1241,SVK,2013,9,Slovakia
1242,USA,2013,13,United States
1243,ITA,2013,15,Italy
1244,IRL,2013,16,Ireland
1245,FRA,2013,14,France
1246,CHN,2013,19,China
1247,DNK,2013,17,Denmark
1248,BEL,2013,18,Belgium
1249,MEX,2013,21,Mexico
1250,ISR,2013,22,Israel
1251,NLD,2013,26,Netherlands
1252,EST,2013,29,Estonia
1253,THA,2013,24,Thailand
1254,POL,2013,23,Poland
1255,MYS,2013,31,Malaysia
1256,ROU,2013,25,Romania
1257,ESP,2013,27,Spain
1258,BLR,2013,20,Belarus
1259,HRV,2013,28,Croatia
1260,NOR,2013,39,Norway
1261,LTU,2013,30,Lithuania
1262,LVA,2013,32,Latvia
1263,PRT,2013,33,Portugal
1264,BIH,2013,36,Bosnia and Herzegovina
1265,BGR,2013,35,Bulgaria
1266,CAN,2013,37,Canada
1267,PHL,2013,41,Philippines
1269,TUR,2013,40,Turkey
1270,UKR,2013,38,Ukraine
1271,IND,2013,45,India
1272,GRC,2013,44,Greece
1273,TUN,2013,43,Tunisia
1274,JOR,2013,52,Jordan
1275,NZL,2013,46,New Zealand
1276,RUS,2013,51,Russia
1277,URY,2013,57,Uruguay
1278,SLV,2013,58,El Salvador
1279,CRI,2013,48,Costa Rica
1280,BRA,2013,56,Brazil
1281,ZAF,2013,55,South Africa
1282,IDN,2013,59,Indonesia
1283,LBN,2013,42,Lebanon
1284,VNM,2013,64,Vietnam
1285,MDA,2013,47,Moldova
1286,MUS,2013,60,Mauritius
1287,EGY,2013,62,Egypt
1288,GEO,2013,63,Georgia
1289,COL,2013,50,Colombia
1290,ARG,2013,66,Argentina
1291,DOM,2013,76,Dominican Republic
1292,ARE,2013,53,United Arab Emirates
1293,MKD,2013,69,Macedonia
1294,JAM,2013,65,Jamaica
1295,CHL,2013,68,Chile
1296,GTM,2013,73,Guatemala
1297,LKA,2013,74,Sri Lanka
1298,OMN,2013,72,Oman
1299,KWT,2013,67,Kuwait
1300,SAU,2013,70,Saudi Arabia
1301,HND,2013,92,Honduras
1302,SEN,2013,85,Senegal
1303,PRY,2013,91,Paraguay
1304,MAR,2013,80,Morocco
1305,CUB,2013,75,Cuba
1306,KAZ,2013,93,Kazakhstan
1307,SYR,2013,61,Syria
1308,AUS,2013,82,Australia
1309,KHM,2013,86,Cambodia
1310,ALB,2013,78,Albania
1311,ZMB,2013,81,Zambia
1312,KGZ,2013,54,Kyrgyzstan
1313,UZB,2013,88,Uzbekistan
1314,KEN,2013,79,Kenya
1315,CMR,2013,118,Cameroon
1316,TTO,2013,49,Trinidad and Tobago
1317,PAK,2013,90,Pakistan
1318,QAT,2013,71,Qatar
1319,PER,2013,89,Peru
1320,NAM,2013,77,Namibia
1321,BWA,2013,84,Botswana
1322,ZWE,2013,87,Zimbabwe
1323,NIC,2013,99,Nicaragua
1324,UGA,2013,83,Uganda
1325,CIV,2013,102,Ivory Coast
1326,IRN,2013,95,Iran
1327,BGD,2013,100,Bangladesh
1328,MDG,2013,98,Madagascar
1329,TZA,2013,96,Tanzania
1330,TKM,2013,116,Turkmenistan
1331,ECU,2013,101,Ecuador
1332,VEN,2013,94,Venezuela
1333,TJK,2013,114,Tajikistan
1334,MOZ,2013,110,Mozambique
1335,BOL,2013,108,Bolivia
1336,LAO,2013,105,Laos
1337,GAB,2013,117,Gabon
1338,AZE,2013,106,Azerbaijan
1339,ETH,2013,107,Ethiopia
1340,DZA,2013,109,Algeria
1341,GHA,2013,97,Ghana
1342,MNG,2013,112,Mongolia
1343,MWI,2013,104,Malawi
1344,PNG,2013,121,Papua New Guinea
1345,COG,2013,113,Republic of the Congo
1346,MLI,2013,103,Mali
1347,LBY,2013,119,Libya
1348,MRT,2013,122,Mauritania
1349,YEM,2013,111,Yemen
1350,GIN,2013,123,Guinea
1351,NGA,2013,120,Nigeria
1352,AGO,2013,115,Angola
1353,JPN,2014,1,Japan
1354,DEU,2014,2,Germany
1355,CHE,2014,3,Switzerland
1356,KOR,2014,4,South Korea
1357,SWE,2014,5,Sweden
1358,AUT,2014,6,Austria
1359,CZE,2014,7,Czech Republic
1360,FIN,2014,8,Finland
1361,HUN,2014,9,Hungary
1362,GBR,2014,10,United Kingdom
1363,SVN,2014,11,Slovenia
1364,SVK,2014,12,Slovakia
1365,USA,2014,13,United States
1366,ITA,2014,14,Italy
1367,IRL,2014,15,Ireland
1368,FRA,2014,16,France
1369,CHN,2014,17,China
1370,DNK,2014,18,Denmark
1371,BEL,2014,19,Belgium
1372,MEX,2014,20,Mexico
1373,ISR,2014,21,Israel
1374,NLD,2014,22,Netherlands
1375,EST,2014,23,Estonia
1376,THA,2014,24,Thailand
1377,POL,2014,25,Poland
1378,MYS,2014,26,Malaysia
1379,ROU,2014,27,Romania
1380,ESP,2014,28,Spain
1381,BLR,2014,29,Belarus
1382,HRV,2014,30,Croatia
1383,NOR,2014,31,Norway
1384,LTU,2014,32,Lithuania
1385,LVA,2014,33,Latvia
1386,PRT,2014,34,Portugal
1387,BIH,2014,35,Bosnia and Herzegovina
1388,BGR,2014,36,Bulgaria
1389,CAN,2014,37,Canada
1390,PHL,2014,38,Philippines
1392,TUR,2014,40,Turkey
1393,UKR,2014,41,Ukraine
1394,IND,2014,42,India
1395,GRC,2014,43,Greece
1396,TUN,2014,44,Tunisia
1397,JOR,2014,45,Jordan
1398,NZL,2014,46,New Zealand
1399,RUS,2014,47,Russia
1400,URY,2014,48,Uruguay
1401,SLV,2014,49,El Salvador
1402,CRI,2014,50,Costa Rica
1403,BRA,2014,51,Brazil
1404,ZAF,2014,52,South Africa
1405,IDN,2014,53,Indonesia
1406,LBN,2014,54,Lebanon
1407,VNM,2014,55,Vietnam
1408,MDA,2014,56,Moldova
1409,MUS,2014,57,Mauritius
1410,EGY,2014,58,Egypt
1411,GEO,2014,59,Georgia
1412,COL,2014,60,Colombia
1413,ARG,2014,61,Argentina
1414,DOM,2014,62,Dominican Republic
1415,ARE,2014,63,United Arab Emirates
1416,MKD,2014,64,Macedonia
1417,JAM,2014,65,Jamaica
1418,CHL,2014,66,Chile
1419,GTM,2014,67,Guatemala
1420,LKA,2014,68,Sri Lanka
1421,OMN,2014,69,Oman
1422,KWT,2014,70,Kuwait
1423,SAU,2014,71,Saudi Arabia
1424,HND,2014,72,Honduras
1425,SEN,2014,73,Senegal
1426,PRY,2014,74,Paraguay
1427,MAR,2014,75,Morocco
1428,CUB,2014,76,Cuba
1429,KAZ,2014,77,Kazakhstan
1430,SYR,2014,78,Syria
1431,AUS,2014,79,Australia
1432,KHM,2014,80,Cambodia
1433,ALB,2014,81,Albania
1434,ZMB,2014,82,Zambia
1435,KGZ,2014,83,Kyrgyzstan
1436,UZB,2014,84,Uzbekistan
1437,KEN,2014,85,Kenya
1438,CMR,2014,86,Cameroon
1439,TTO,2014,87,Trinidad and Tobago
1440,PAK,2014,88,Pakistan
1441,QAT,2014,89,Qatar
1442,PER,2014,90,Peru
1443,NAM,2014,91,Namibia
1444,BWA,2014,92,Botswana
1445,ZWE,2014,93,Zimbabwe
1446,NIC,2014,94,Nicaragua
1447,UGA,2014,95,Uganda
1448,CIV,2014,96,Ivory Coast
1449,IRN,2014,97,Iran
1450,BGD,2014,98,Bangladesh
1451,MDG,2014,99,Madagascar
1452,TZA,2014,100,Tanzania
1453,TKM,2014,101,Turkmenistan
1454,ECU,2014,102,Ecuador
1455,VEN,2014,103,Venezuela
1456,TJK,2014,104,Tajikistan
1457,MOZ,2014,105,Mozambique
1458,BOL,2014,106,Bolivia
1459,LAO,2014,107,Laos
1460,GAB,2014,108,Gabon
1461,AZE,2014,109,Azerbaijan
1462,ETH,2014,110,Ethiopia
1463,DZA,2014,111,Algeria
1464,GHA,2014,112,Ghana
1465,MNG,2014,113,Mongolia
1466,MWI,2014,114,Malawi
1467,PNG,2014,115,Papua New Guinea
1468,COG,2014,116,Republic of the Congo
1469,MLI,2014,117,Mali
1470,LBY,2014,118,Libya
1471,MRT,2014,119,Mauritania
1472,YEM,2014,120,Yemen
1473,GIN,2014,121,Guinea
1474,NGA,2014,122,Nigeria
1475,AGO,2014,123,Angola
